expected_final_url,origin_url
https://archive.mozilla.org/pub/firefox/candidates/59.0b12-candidates/build1/snap/firefox-59.0b12.snap,https://queue.taskcluster.net/v1/task/EoEzzARBRsCldvaxW2L4ug/artifacts/public/build/firefox-59.0b12.snap
https://archive.mozilla.org/pub/firefox/candidates/59.0b12-candidates/build1/snap/firefox-59.0b12.snap.checksums,https://queue.taskcluster.net/v1/task/EoEzzARBRsCldvaxW2L4ug/artifacts/public/build/firefox-59.0b12.snap.checksums
https://archive.mozilla.org/pub/firefox/candidates/59.0b13-candidates/build1/snap/firefox-59.0b13.snap,https://queue.taskcluster.net/v1/task/TdiNYF1aTYicbn49iNkiBA/artifacts/public/build/firefox-59.0b13.snap
https://archive.mozilla.org/pub/firefox/candidates/59.0b13-candidates/build1/snap/firefox-59.0b13.snap.checksums,https://queue.taskcluster.net/v1/task/TdiNYF1aTYicbn49iNkiBA/artifacts/public/build/firefox-59.0b13.snap.checksums
https://archive.mozilla.org/pub/firefox/candidates/59.0b14-candidates/build1/snap/firefox-59.0b14.snap,https://queue.taskcluster.net/v1/task/N7QpinuVRCOk1ayETP2BTA/artifacts/public/build/firefox-59.0b14.snap
https://archive.mozilla.org/pub/firefox/candidates/59.0b14-candidates/build1/snap/firefox-59.0b14.snap.checksums,https://queue.taskcluster.net/v1/task/N7QpinuVRCOk1ayETP2BTA/artifacts/public/build/firefox-59.0b14.snap.checksums
https://archive.mozilla.org/pub/firefox/candidates/59.0-candidates/build1/snap/firefox-59.0.snap,https://queue.taskcluster.net/v1/task/GzujpZ9vTgqQcXtJaReq5g/runs/1/artifacts/public/build/firefox-59.0.snap
https://archive.mozilla.org/pub/firefox/candidates/59.0-candidates/build1/snap/firefox-59.0.snap.checksums,https://queue.taskcluster.net/v1/task/GzujpZ9vTgqQcXtJaReq5g/runs/1/artifacts/public/build/firefox-59.0.snap.checksums
https://archive.mozilla.org/pub/firefox/candidates/59.0-candidates/build4/snap/firefox-59.0.snap,https://queue.taskcluster.net/v1/task/Tt-H3_jSQ2SmVi5EEDbwTw/runs/0/artifacts/public/build/firefox-59.0.snap
https://archive.mozilla.org/pub/firefox/candidates/59.0-candidates/build4/snap/firefox-59.0.snap.checksums,https://queue.taskcluster.net/v1/task/Tt-H3_jSQ2SmVi5EEDbwTw/runs/0/artifacts/public/build/firefox-59.0.snap.checksums
https://archive.mozilla.org/pub/firefox/candidates/59.0-candidates/build5/snap/firefox-59.0.snap,https://queue.taskcluster.net/v1/task/MKLJhNv7RAedqR6YEfFswg/runs/0/artifacts/public/build/firefox-59.0.snap
https://archive.mozilla.org/pub/firefox/candidates/59.0-candidates/build5/snap/firefox-59.0.snap.checksums,https://queue.taskcluster.net/v1/task/MKLJhNv7RAedqR6YEfFswg/runs/0/artifacts/public/build/firefox-59.0.snap.checksums
https://archive.mozilla.org/pub/firefox/candidates/59.0.1-candidates/build1/snap/firefox-59.0.1.snap,https://queue.taskcluster.net/v1/task/OcEpaQIRRDWudJZRSoBQaw/runs/0/artifacts/public/build/firefox-59.0.1.snap
https://archive.mozilla.org/pub/firefox/candidates/59.0.1-candidates/build1/snap/firefox-59.0.1.snap.checksums,https://queue.taskcluster.net/v1/task/OcEpaQIRRDWudJZRSoBQaw/runs/0/artifacts/public/build/firefox-59.0.1.snap.checksums
https://archive.mozilla.org/pub/firefox/candidates/59.0.2-candidates/build1/snap/firefox-59.0.2.snap,https://queue.taskcluster.net/v1/task/H5Jn2XILSz2Hfwea3JMNMg/runs/0/artifacts/public/build/firefox-59.0.2.snap
https://archive.mozilla.org/pub/firefox/candidates/59.0.2-candidates/build1/snap/firefox-59.0.2.snap.checksums,https://queue.taskcluster.net/v1/task/H5Jn2XILSz2Hfwea3JMNMg/runs/0/artifacts/public/build/firefox-59.0.2.snap.checksums
https://archive.mozilla.org/pub/firefox/candidates/59.0.3-candidates/build1/snap/firefox-59.0.3.snap,https://queue.taskcluster.net/v1/task/cayHJyupQxe7Y5mNGfuRAw/artifacts/public/build/firefox-59.0.3.snap
https://archive.mozilla.org/pub/firefox/candidates/59.0.3-candidates/build1/snap/firefox-59.0.3.snap.checksums,https://queue.taskcluster.net/v1/task/cayHJyupQxe7Y5mNGfuRAw/artifacts/public/build/firefox-59.0.3.snap.checksums
https://archive.mozilla.org/pub/firefox/candidates/60.0b3-candidates/build1/snap/firefox-60.0b3.snap,https://queue.taskcluster.net/v1/task/fcA9AmjXQa-h7caxU15p1Q/artifacts/public/build/firefox-60.0b3.snap
https://archive.mozilla.org/pub/firefox/candidates/60.0b3-candidates/build1/snap/firefox-60.0b3.snap.checksums,https://queue.taskcluster.net/v1/task/fcA9AmjXQa-h7caxU15p1Q/artifacts/public/build/firefox-60.0b3.snap.checksums
https://archive.mozilla.org/pub/firefox/candidates/60.0b4-candidates/build1/snap/firefox-60.0b4.snap,https://queue.taskcluster.net/v1/task/QSnfB6LMS--TgiQM9nNAKw/artifacts/public/build/firefox-60.0b4.snap
https://archive.mozilla.org/pub/firefox/candidates/60.0b4-candidates/build1/snap/firefox-60.0b4.snap.checksums,https://queue.taskcluster.net/v1/task/QSnfB6LMS--TgiQM9nNAKw/artifacts/public/build/firefox-60.0b4.snap.checksums
https://archive.mozilla.org/pub/firefox/candidates/60.0b5-candidates/build1/snap/firefox-60.0b5.snap,https://queue.taskcluster.net/v1/task/E2zOZ3o-Rw2FyiIPIE6suw/runs/0/artifacts/public/build/firefox-60.0b5.snap
https://archive.mozilla.org/pub/firefox/candidates/60.0b5-candidates/build1/snap/firefox-60.0b5.snap.checksums,https://queue.taskcluster.net/v1/task/E2zOZ3o-Rw2FyiIPIE6suw/runs/0/artifacts/public/build/firefox-60.0b5.snap.checksums
https://archive.mozilla.org/pub/firefox/candidates/60.0b6-candidates/build1/snap/firefox-60.0b6.snap,https://queue.taskcluster.net/v1/task/az361OxlRqCRJsRkveXfmg/artifacts/public/build/firefox-60.0b6.snap
https://archive.mozilla.org/pub/firefox/candidates/60.0b6-candidates/build1/snap/firefox-60.0b6.snap.checksums,https://queue.taskcluster.net/v1/task/az361OxlRqCRJsRkveXfmg/artifacts/public/build/firefox-60.0b6.snap.checksums
https://archive.mozilla.org/pub/firefox/candidates/60.0b7-candidates/build1/snap/firefox-60.0b7.snap,https://queue.taskcluster.net/v1/task/GnQu8aO1RSCMhi023t4Bgw/artifacts/public/build/firefox-60.0b7.snap
https://archive.mozilla.org/pub/firefox/candidates/60.0b7-candidates/build1/snap/firefox-60.0b7.snap.checksums,https://queue.taskcluster.net/v1/task/GnQu8aO1RSCMhi023t4Bgw/artifacts/public/build/firefox-60.0b7.snap.checksums
https://archive.mozilla.org/pub/firefox/candidates/60.0b8-candidates/build1/snap/firefox-60.0b8.snap,https://queue.taskcluster.net/v1/task/UglYUwohRd6lc71u9JVLWA/artifacts/public/build/firefox-60.0b8.snap
https://archive.mozilla.org/pub/firefox/candidates/60.0b8-candidates/build1/snap/firefox-60.0b8.snap.checksums,https://queue.taskcluster.net/v1/task/UglYUwohRd6lc71u9JVLWA/artifacts/public/build/firefox-60.0b8.snap.checksums
https://archive.mozilla.org/pub/firefox/candidates/60.0b9-candidates/build1/snap/firefox-60.0b9.snap,https://queue.taskcluster.net/v1/task/X7NEuDbETKi5E8VZPloXYg/artifacts/public/build/firefox-60.0b9.snap
https://archive.mozilla.org/pub/firefox/candidates/60.0b9-candidates/build1/snap/firefox-60.0b9.snap.checksums,https://queue.taskcluster.net/v1/task/X7NEuDbETKi5E8VZPloXYg/artifacts/public/build/firefox-60.0b9.snap.checksums
https://archive.mozilla.org/pub/firefox/candidates/60.0b10-candidates/build1/snap/firefox-60.0b10.snap,https://queue.taskcluster.net/v1/task/OR7f7TJVTcC2YL7GbbMRwA/artifacts/public/build/target.snap
https://archive.mozilla.org/pub/firefox/candidates/60.0b10-candidates/build1/snap/firefox-60.0b10.snap.checksums,https://queue.taskcluster.net/v1/task/OR7f7TJVTcC2YL7GbbMRwA/artifacts/public/build/target.snap.checksums
https://archive.mozilla.org/pub/firefox/candidates/60.0b11-candidates/build2/snap/firefox-60.0b11.snap,https://queue.taskcluster.net/v1/task/dZDgyXECT5qLdeyXwe_VYQ/artifacts/public/build/target.snap
https://archive.mozilla.org/pub/firefox/candidates/60.0b11-candidates/build2/snap/firefox-60.0b11.snap.checksums,https://queue.taskcluster.net/v1/task/dZDgyXECT5qLdeyXwe_VYQ/artifacts/public/build/target.snap.checksums
https://archive.mozilla.org/pub/firefox/candidates/60.0b12-candidates/build1/snap/firefox-60.0b12.snap,https://queue.taskcluster.net/v1/task/BirnAXb5Q32SHJfLUBMv8A/artifacts/public/build/target.snap
https://archive.mozilla.org/pub/firefox/candidates/60.0b12-candidates/build1/snap/firefox-60.0b12.snap.checksums,https://queue.taskcluster.net/v1/task/BirnAXb5Q32SHJfLUBMv8A/artifacts/public/build/target.snap.checksums
https://archive.mozilla.org/pub/firefox/candidates/60.0b13-candidates/build1/snap/firefox-60.0b13.snap,https://queue.taskcluster.net/v1/task/ZHosYNYUQy6Zj3t5NPvJsg/artifacts/public/build/target.snap
https://archive.mozilla.org/pub/firefox/candidates/60.0b13-candidates/build1/snap/firefox-60.0b13.snap.checksums,https://queue.taskcluster.net/v1/task/ZHosYNYUQy6Zj3t5NPvJsg/artifacts/public/build/target.snap.checksums
https://archive.mozilla.org/pub/firefox/candidates/60.0b14-candidates/build2/snap/firefox-60.0b14.snap,https://queue.taskcluster.net/v1/task/RWxm8I7TRGGOJ4rlD8GzpQ/artifacts/public/build/target.snap
https://archive.mozilla.org/pub/firefox/candidates/60.0b14-candidates/build2/snap/firefox-60.0b14.snap.checksums,https://queue.taskcluster.net/v1/task/RWxm8I7TRGGOJ4rlD8GzpQ/artifacts/public/build/target.snap.checksum
https://archive.mozilla.org/pub/firefox/candidates/60.0b15-candidates/build1/snap/firefox-60.0b15.snap,https://queue.taskcluster.net/v1/task/JFj-vckNTQivbhz-1ZWI8A/artifacts/public/build/target.snap
https://archive.mozilla.org/pub/firefox/candidates/60.0b15-candidates/build1/snap/firefox-60.0b15.snap.checksums,https://queue.taskcluster.net/v1/task/JFj-vckNTQivbhz-1ZWI8A/artifacts/public/build/target.snap.checksums
https://archive.mozilla.org/pub/firefox/candidates/60.0b16-candidates/build1/snap/firefox-60.0b16.snap,https://queue.taskcluster.net/v1/task/JXoIm23UQPWZI0FTkcoisg/artifacts/public/build/target.snap
https://archive.mozilla.org/pub/firefox/candidates/60.0b16-candidates/build1/snap/firefox-60.0b16.snap.checksums,https://queue.taskcluster.net/v1/task/JXoIm23UQPWZI0FTkcoisg/artifacts/public/build/target.snap.checksums
https://archive.mozilla.org/pub/firefox/candidates/60.0-candidates/build1/snap/firefox-60.0.snap,https://queue.taskcluster.net/v1/task/ExqukPnHSLaW5l0F6K2a7w/artifacts/public/build/target.snap
https://archive.mozilla.org/pub/firefox/candidates/60.0-candidates/build1/snap/firefox-60.0.snap.checksums,https://queue.taskcluster.net/v1/task/ExqukPnHSLaW5l0F6K2a7w/artifacts/public/build/target.snap.checksums
https://archive.mozilla.org/pub/firefox/candidates/60.0-candidates/build2/snap/firefox-60.0.snap,https://queue.taskcluster.net/v1/task/CUJtzGV4SGSgMTRMKfAW3w/artifacts/public/build/target.snap
https://archive.mozilla.org/pub/firefox/candidates/60.0-candidates/build2/snap/firefox-60.0.snap.checksums,https://queue.taskcluster.net/v1/task/CUJtzGV4SGSgMTRMKfAW3w/artifacts/public/build/target.snap.checksums
https://archive.mozilla.org/pub/firefox/candidates/60.0esr-candidates/build5/snap/firefox-60.0esr.snap,https://queue.taskcluster.net/v1/task/aaYyYAiwSIOu28uM-GmQFA/artifacts/public/build/target.snap
https://archive.mozilla.org/pub/firefox/candidates/60.0esr-candidates/build5/snap/firefox-60.0esr.snap.checksums,https://queue.taskcluster.net/v1/task/aaYyYAiwSIOu28uM-GmQFA/artifacts/public/build/target.snap.checksums
https://archive.mozilla.org/pub/firefox/candidates/60.0esr-candidates/build6/snap/firefox-60.0esr.snap,https://queue.taskcluster.net/v1/task/KIFuNfbcTVGmj60zsZX0Mg/artifacts/public/build/target.snap
https://archive.mozilla.org/pub/firefox/candidates/60.0esr-candidates/build6/snap/firefox-60.0esr.snap.checksums,https://queue.taskcluster.net/v1/task/KIFuNfbcTVGmj60zsZX0Mg/artifacts/public/build/target.snap.checksums
https://archive.mozilla.org/pub/firefox/candidates/60.0.1-candidates/build2/snap/firefox-60.0.1.snap,https://queue.taskcluster.net/v1/task/FwppPUXxTois-02S0lcv3Q/artifacts/public/build/target.snap
https://archive.mozilla.org/pub/firefox/candidates/60.0.1-candidates/build2/snap/firefox-60.0.1.snap.checksums,https://queue.taskcluster.net/v1/task/FwppPUXxTois-02S0lcv3Q/artifacts/public/build/target.snap.checksums
https://archive.mozilla.org/pub/firefox/candidates/60.0.1esr-candidates/build1/snap/firefox-60.0.1esr.snap,https://queue.taskcluster.net/v1/task/CBZw_C-GQN6vJ5fOgVVGLg/artifacts/public/build/target.snap
https://archive.mozilla.org/pub/firefox/candidates/60.0.1esr-candidates/build1/snap/firefox-60.0.1esr.snap.checksums,https://queue.taskcluster.net/v1/task/CBZw_C-GQN6vJ5fOgVVGLg/artifacts/public/build/target.snap.checksums
https://archive.mozilla.org/pub/firefox/candidates/60.0.2-candidates/build1/snap/firefox-60.0.2.snap,https://queue.taskcluster.net/v1/task/IQs3gxTrS3CzX4_Ghao_gw/artifacts/public/build/target.snap
https://archive.mozilla.org/pub/firefox/candidates/60.0.2-candidates/build1/snap/firefox-60.0.2.snap.checksums,https://queue.taskcluster.net/v1/task/IQs3gxTrS3CzX4_Ghao_gw/artifacts/public/build/target.snap.checksums
https://archive.mozilla.org/pub/firefox/candidates/60.0.2esr-candidates/build2/snap/firefox-60.0.2esr.snap,https://queue.taskcluster.net/v1/task/dPRd29JTQ92IdNHryOoQTw/artifacts/public/build/target.snap
https://archive.mozilla.org/pub/firefox/candidates/60.0.2esr-candidates/build2/snap/firefox-60.0.2esr.snap.checksums,https://queue.taskcluster.net/v1/task/dPRd29JTQ92IdNHryOoQTw/artifacts/public/build/target.snap.checksums
https://archive.mozilla.org/pub/firefox/candidates/60.1.0esr-candidates/build1/snap/firefox-60.1.0esr.snap,https://queue.taskcluster.net/v1/task/PfUt8kf_QjWu17fwe-kf3w/artifacts/public/build/target.snap
https://archive.mozilla.org/pub/firefox/candidates/60.1.0esr-candidates/build1/snap/firefox-60.1.0esr.snap.checksums,https://queue.taskcluster.net/v1/task/PfUt8kf_QjWu17fwe-kf3w/artifacts/public/build/target.snap.checksums
https://archive.mozilla.org/pub/firefox/candidates/60.1.0esr-candidates/build2/snap/firefox-60.1.0esr.snap,https://queue.taskcluster.net/v1/task/Is34poV_TuWOSyWMUDcsGA/artifacts/public/build/target.snap
https://archive.mozilla.org/pub/firefox/candidates/60.1.0esr-candidates/build2/snap/firefox-60.1.0esr.snap.checksums,https://queue.taskcluster.net/v1/task/Is34poV_TuWOSyWMUDcsGA/artifacts/public/build/target.snap.checksums
https://archive.mozilla.org/pub/firefox/candidates/60.2.0esr-candidates/build1/snap/firefox-60.2.0esr.snap,https://queue.taskcluster.net/v1/task/IwOkR6ZeSHOWCWd9Saox6w/artifacts/public/build/target.snap
https://archive.mozilla.org/pub/firefox/candidates/60.2.0esr-candidates/build1/snap/firefox-60.2.0esr.snap.checksums,https://queue.taskcluster.net/v1/task/IwOkR6ZeSHOWCWd9Saox6w/artifacts/public/build/target.snap.checksums
https://archive.mozilla.org/pub/firefox/candidates/60.2.0esr-candidates/build2/snap/firefox-60.2.0esr.snap,https://queue.taskcluster.net/v1/task/XAXheu4cRpKF9eFVuEHokA/artifacts/public/build/target.snap
https://archive.mozilla.org/pub/firefox/candidates/60.2.0esr-candidates/build2/snap/firefox-60.2.0esr.snap.checksums,https://queue.taskcluster.net/v1/task/XAXheu4cRpKF9eFVuEHokA/artifacts/public/build/target.snap.checksums
https://archive.mozilla.org/pub/firefox/candidates/60.2.1esr-candidates/build1/snap/firefox-60.2.1esr.snap,https://queue.taskcluster.net/v1/task/NBMGfgwzTI2QJhYiwDZnww/artifacts/public/build/target.snap
https://archive.mozilla.org/pub/firefox/candidates/60.2.1esr-candidates/build1/snap/firefox-60.2.1esr.snap.checksums,https://queue.taskcluster.net/v1/task/NBMGfgwzTI2QJhYiwDZnww/artifacts/public/build/target.snap.checksums
https://archive.mozilla.org/pub/firefox/candidates/60.2.2esr-candidates/build1/snap/firefox-60.2.2esr.snap,https://queue.taskcluster.net/v1/task/Xn-z01PyRlW1GmtMQxhT8A/artifacts/public/build/target.snap
https://archive.mozilla.org/pub/firefox/candidates/60.2.2esr-candidates/build1/snap/firefox-60.2.2esr.snap.checksums,https://queue.taskcluster.net/v1/task/Xn-z01PyRlW1GmtMQxhT8A/artifacts/public/build/target.snap.checksums
https://archive.mozilla.org/pub/firefox/candidates/60.3.0esr-candidates/build2/snap/firefox-60.3.0esr.snap,https://queue.taskcluster.net/v1/task/aYlzabIjTs6A6OxsinInRg/artifacts/public/build/target.snap
https://archive.mozilla.org/pub/firefox/candidates/60.3.0esr-candidates/build2/snap/firefox-60.3.0esr.snap.checksums,https://queue.taskcluster.net/v1/task/aYlzabIjTs6A6OxsinInRg/artifacts/public/build/target.snap.checksums
https://archive.mozilla.org/pub/firefox/candidates/60.4.0esr-candidates/build2/snap/firefox-60.4.0esr.snap,https://queue.taskcluster.net/v1/task/NEfBFYy2SaCzl8fvjWHl3Q/artifacts/public/build/target.snap
https://archive.mozilla.org/pub/firefox/candidates/60.4.0esr-candidates/build2/snap/firefox-60.4.0esr.snap.checksums,https://queue.taskcluster.net/v1/task/NEfBFYy2SaCzl8fvjWHl3Q/artifacts/public/build/target.snap.checksums
https://archive.mozilla.org/pub/firefox/candidates/60.5.0esr-candidates/build2/snap/firefox-60.5.0esr.snap,https://queue.taskcluster.net/v1/task/Ist-Q6_cQaKPVRSEkjWGyg/artifacts/public/build/target.snap
https://archive.mozilla.org/pub/firefox/candidates/60.5.0esr-candidates/build2/snap/firefox-60.5.0esr.snap.checksums,https://queue.taskcluster.net/v1/task/Ist-Q6_cQaKPVRSEkjWGyg/artifacts/public/build/target.snap.checksums
https://archive.mozilla.org/pub/firefox/candidates/60.5.1esr-candidates/build1/snap/firefox-60.5.1esr.snap,https://queue.taskcluster.net/v1/task/FTNTeFzwRXGifMTQrEmKWg/artifacts/public/build/target.snap
https://archive.mozilla.org/pub/firefox/candidates/60.5.1esr-candidates/build1/snap/firefox-60.5.1esr.snap.checksums,https://queue.taskcluster.net/v1/task/FTNTeFzwRXGifMTQrEmKWg/artifacts/public/build/target.snap.checksums
https://archive.mozilla.org/pub/firefox/candidates/61.0-candidates/build1/snap/firefox-61.0.snap,https://queue.taskcluster.net/v1/task/RNdWt7HSQwaTyikpfg-2lw/artifacts/public/build/target.snap
https://archive.mozilla.org/pub/firefox/candidates/61.0-candidates/build1/snap/firefox-61.0.snap.checksums,https://queue.taskcluster.net/v1/task/RNdWt7HSQwaTyikpfg-2lw/artifacts/public/build/target.snap.checksums
https://archive.mozilla.org/pub/firefox/candidates/61.0-candidates/build2/snap/firefox-61.0.snap,https://queue.taskcluster.net/v1/task/T0oT9-cRQYG-vmaYlhEDig/artifacts/public/build/target.snap
https://archive.mozilla.org/pub/firefox/candidates/61.0-candidates/build2/snap/firefox-61.0.snap.checksums,https://queue.taskcluster.net/v1/task/T0oT9-cRQYG-vmaYlhEDig/artifacts/public/build/target.snap.checksums
https://archive.mozilla.org/pub/firefox/candidates/61.0-candidates/build3/snap/firefox-61.0.snap,https://queue.taskcluster.net/v1/task/CCgxiK98RGC74Q7H28C4zw/artifacts/public/build/target.snap
https://archive.mozilla.org/pub/firefox/candidates/61.0-candidates/build3/snap/firefox-61.0.snap.checksums,https://queue.taskcluster.net/v1/task/CCgxiK98RGC74Q7H28C4zw/artifacts/public/build/target.snap.checksums
https://archive.mozilla.org/pub/firefox/candidates/61.0.1-candidates/build1/snap/firefox-61.0.1.snap,https://queue.taskcluster.net/v1/task/NEEUCrScS_OtMPnzE9nvHg/artifacts/public/build/target.snap
https://archive.mozilla.org/pub/firefox/candidates/61.0.1-candidates/build1/snap/firefox-61.0.1.snap.checksums,https://queue.taskcluster.net/v1/task/NEEUCrScS_OtMPnzE9nvHg/artifacts/public/build/target.snap.checksums
https://archive.mozilla.org/pub/firefox/candidates/61.0.2-candidates/build1/snap/firefox-61.0.2.snap,https://queue.taskcluster.net/v1/task/IFgCN-5SS-CI_XhlhgNEHA/artifacts/public/build/target.snap
https://archive.mozilla.org/pub/firefox/candidates/61.0.2-candidates/build1/snap/firefox-61.0.2.snap.checksums,https://queue.taskcluster.net/v1/task/IFgCN-5SS-CI_XhlhgNEHA/artifacts/public/build/target.snap.checksums
https://archive.mozilla.org/pub/firefox/candidates/61.0b10-candidates/build1/snap/firefox-61.0b10.snap,https://queue.taskcluster.net/v1/task/Zwx5-ksXQOySNw7g2ofVNA/artifacts/public/build/target.snap
https://archive.mozilla.org/pub/firefox/candidates/61.0b10-candidates/build1/snap/firefox-61.0b10.snap.checksums,https://queue.taskcluster.net/v1/task/Zwx5-ksXQOySNw7g2ofVNA/artifacts/public/build/target.snap.checksums
https://archive.mozilla.org/pub/firefox/candidates/61.0b11-candidates/build1/snap/firefox-61.0b11.snap,https://queue.taskcluster.net/v1/task/YQdLTt9GS1eCFYmyb2vblw/artifacts/public/build/target.snap
https://archive.mozilla.org/pub/firefox/candidates/61.0b11-candidates/build1/snap/firefox-61.0b11.snap.checksums,https://queue.taskcluster.net/v1/task/YQdLTt9GS1eCFYmyb2vblw/artifacts/public/build/target.snap.checksums
https://archive.mozilla.org/pub/firefox/candidates/61.0b12-candidates/build1/snap/firefox-61.0b12.snap,https://queue.taskcluster.net/v1/task/IdUOg8DrTdCulAD4QuBaYQ/artifacts/public/build/target.snap
https://archive.mozilla.org/pub/firefox/candidates/61.0b12-candidates/build1/snap/firefox-61.0b12.snap.checksums,https://queue.taskcluster.net/v1/task/IdUOg8DrTdCulAD4QuBaYQ/artifacts/public/build/target.snap.checksums
https://archive.mozilla.org/pub/firefox/candidates/61.0b13-candidates/build1/snap/firefox-61.0b13.snap,https://queue.taskcluster.net/v1/task/c_667L0GSD2In9S8l2EMKg/artifacts/public/build/target.snap
https://archive.mozilla.org/pub/firefox/candidates/61.0b13-candidates/build1/snap/firefox-61.0b13.snap.checksums,https://queue.taskcluster.net/v1/task/c_667L0GSD2In9S8l2EMKg/artifacts/public/build/target.snap.checksums
https://archive.mozilla.org/pub/firefox/candidates/61.0b14-candidates/build1/snap/firefox-61.0b14.snap,https://queue.taskcluster.net/v1/task/GWYv3K2AQQe2AC778cC-6A/artifacts/public/build/target.snap
https://archive.mozilla.org/pub/firefox/candidates/61.0b14-candidates/build1/snap/firefox-61.0b14.snap.checksums,https://queue.taskcluster.net/v1/task/GWYv3K2AQQe2AC778cC-6A/artifacts/public/build/target.snap.checksums
https://archive.mozilla.org/pub/firefox/candidates/61.0b3-candidates/build1/snap/firefox-61.0b3.snap,https://queue.taskcluster.net/v1/task/ad842lwFTu6tMnRY6WuJ9w/artifacts/public/build/target.snap
https://archive.mozilla.org/pub/firefox/candidates/61.0b3-candidates/build1/snap/firefox-61.0b3.snap.checksums,https://queue.taskcluster.net/v1/task/ad842lwFTu6tMnRY6WuJ9w/artifacts/public/build/target.snap.checksums
https://archive.mozilla.org/pub/firefox/candidates/61.0b4-candidates/build1/snap/firefox-61.0b4.snap,https://queue.taskcluster.net/v1/task/HB-Ii6B6QsCN9rnEKmZVnw/artifacts/public/build/target.snap
https://archive.mozilla.org/pub/firefox/candidates/61.0b4-candidates/build1/snap/firefox-61.0b4.snap.checksums,https://queue.taskcluster.net/v1/task/HB-Ii6B6QsCN9rnEKmZVnw/artifacts/public/build/target.snap.checksums
https://archive.mozilla.org/pub/firefox/candidates/61.0b5-candidates/build1/snap/firefox-61.0b5.snap,https://queue.taskcluster.net/v1/task/IXkK1-1ZSCO4dyCuSxmvow/artifacts/public/build/target.snap
https://archive.mozilla.org/pub/firefox/candidates/61.0b5-candidates/build1/snap/firefox-61.0b5.snap.checksums,https://queue.taskcluster.net/v1/task/IXkK1-1ZSCO4dyCuSxmvow/artifacts/public/build/target.snap.checksums
https://archive.mozilla.org/pub/firefox/candidates/61.0b6-candidates/build1/snap/firefox-61.0b6.snap,https://queue.taskcluster.net/v1/task/HVlvHhd6QzWe4Ud4LldjFg/artifacts/public/build/target.snap
https://archive.mozilla.org/pub/firefox/candidates/61.0b6-candidates/build1/snap/firefox-61.0b6.snap.checksums,https://queue.taskcluster.net/v1/task/HVlvHhd6QzWe4Ud4LldjFg/artifacts/public/build/target.snap.checksums
https://archive.mozilla.org/pub/firefox/candidates/61.0b7-candidates/build1/snap/firefox-61.0b7.snap,https://queue.taskcluster.net/v1/task/B-GXPqM_TQqKGXAXCIlglQ/artifacts/public/build/target.snap
https://archive.mozilla.org/pub/firefox/candidates/61.0b7-candidates/build1/snap/firefox-61.0b7.snap.checksums,https://queue.taskcluster.net/v1/task/B-GXPqM_TQqKGXAXCIlglQ/artifacts/public/build/target.snap.checksums
https://archive.mozilla.org/pub/firefox/candidates/61.0b8-candidates/build1/snap/firefox-61.0b8.snap,https://queue.taskcluster.net/v1/task/NfpbCg4JRj-W38gI7t-g7g/artifacts/public/build/target.snap
https://archive.mozilla.org/pub/firefox/candidates/61.0b8-candidates/build1/snap/firefox-61.0b8.snap.checksums,https://queue.taskcluster.net/v1/task/NfpbCg4JRj-W38gI7t-g7g/artifacts/public/build/target.snap.checksums
https://archive.mozilla.org/pub/firefox/candidates/61.0b9-candidates/build1/snap/firefox-61.0b9.snap,https://queue.taskcluster.net/v1/task/UmvBbUmkRpCV3EXNeELemw/artifacts/public/build/target.snap
https://archive.mozilla.org/pub/firefox/candidates/61.0b9-candidates/build1/snap/firefox-61.0b9.snap.checksums,https://queue.taskcluster.net/v1/task/UmvBbUmkRpCV3EXNeELemw/artifacts/public/build/target.snap.checksums
https://archive.mozilla.org/pub/firefox/candidates/62.0-candidates/build1/snap/firefox-62.0.snap,https://queue.taskcluster.net/v1/task/BlIQU8hUSReTuk1QtvYiKQ/artifacts/public/build/target.snap
https://archive.mozilla.org/pub/firefox/candidates/62.0-candidates/build1/snap/firefox-62.0.snap.checksums,https://queue.taskcluster.net/v1/task/BlIQU8hUSReTuk1QtvYiKQ/artifacts/public/build/target.snap.checksums
https://archive.mozilla.org/pub/firefox/candidates/62.0-candidates/build2/snap/firefox-62.0.snap,https://queue.taskcluster.net/v1/task/BWDD_yGZSd2sxS7CH4HxCw/artifacts/public/build/target.snap
https://archive.mozilla.org/pub/firefox/candidates/62.0-candidates/build2/snap/firefox-62.0.snap.checksums,https://queue.taskcluster.net/v1/task/BWDD_yGZSd2sxS7CH4HxCw/artifacts/public/build/target.snap.checksums
https://archive.mozilla.org/pub/firefox/candidates/62.0.2-candidates/build1/snap/firefox-62.0.2.snap,https://queue.taskcluster.net/v1/task/NZ-jTjSASrK1ZVWWkfXivA/artifacts/public/build/target.snap
https://archive.mozilla.org/pub/firefox/candidates/62.0.2-candidates/build1/snap/firefox-62.0.2.snap.checksums,https://queue.taskcluster.net/v1/task/NZ-jTjSASrK1ZVWWkfXivA/artifacts/public/build/target.snap.checksums
https://archive.mozilla.org/pub/firefox/candidates/62.0.3-candidates/build1/snap/firefox-62.0.3.snap,https://queue.taskcluster.net/v1/task/V4vXTdm-SJaAqbZCtINZyg/artifacts/public/build/target.snap
https://archive.mozilla.org/pub/firefox/candidates/62.0.3-candidates/build1/snap/firefox-62.0.3.snap.checksums,https://queue.taskcluster.net/v1/task/V4vXTdm-SJaAqbZCtINZyg/artifacts/public/build/target.snap.checksums
https://archive.mozilla.org/pub/firefox/candidates/62.0b10-candidates/build1/snap/firefox-62.0b10.snap,https://queue.taskcluster.net/v1/task/W5nDEUOQRnige-Zk3oN55A/artifacts/public/build/target.snap
https://archive.mozilla.org/pub/firefox/candidates/62.0b10-candidates/build1/snap/firefox-62.0b10.snap.checksums,https://queue.taskcluster.net/v1/task/W5nDEUOQRnige-Zk3oN55A/artifacts/public/build/target.snap.checksums
https://archive.mozilla.org/pub/firefox/candidates/62.0b11-candidates/build1/snap/firefox-62.0b11.snap,https://queue.taskcluster.net/v1/task/C4RZI2vZT9WMyUCqMsbNtQ/artifacts/public/build/target.snap
https://archive.mozilla.org/pub/firefox/candidates/62.0b11-candidates/build1/snap/firefox-62.0b11.snap.checksums,https://queue.taskcluster.net/v1/task/C4RZI2vZT9WMyUCqMsbNtQ/artifacts/public/build/target.snap.checksums
https://archive.mozilla.org/pub/firefox/candidates/62.0b12-candidates/build1/snap/firefox-62.0b12.snap,https://queue.taskcluster.net/v1/task/cK1qbUP6QCuNukaNM0pvJg/artifacts/public/build/target.snap
https://archive.mozilla.org/pub/firefox/candidates/62.0b12-candidates/build1/snap/firefox-62.0b12.snap.checksums,https://queue.taskcluster.net/v1/task/cK1qbUP6QCuNukaNM0pvJg/artifacts/public/build/target.snap.checksums
https://archive.mozilla.org/pub/firefox/candidates/62.0b13-candidates/build1/snap/firefox-62.0b13.snap,https://queue.taskcluster.net/v1/task/aTFhvhc_TR2bPbPBPkXmqA/artifacts/public/build/target.snap
https://archive.mozilla.org/pub/firefox/candidates/62.0b13-candidates/build1/snap/firefox-62.0b13.snap.checksums,https://queue.taskcluster.net/v1/task/aTFhvhc_TR2bPbPBPkXmqA/artifacts/public/build/target.snap.checksums
https://archive.mozilla.org/pub/firefox/candidates/62.0b14-candidates/build1/snap/firefox-62.0b14.snap,https://queue.taskcluster.net/v1/task/PqafeMrLReS5KMuUeMyghw/artifacts/public/build/target.snap
https://archive.mozilla.org/pub/firefox/candidates/62.0b14-candidates/build1/snap/firefox-62.0b14.snap.checksums,https://queue.taskcluster.net/v1/task/PqafeMrLReS5KMuUeMyghw/artifacts/public/build/target.snap.checksums
https://archive.mozilla.org/pub/firefox/candidates/62.0b15-candidates/build2/snap/firefox-62.0b15.snap,https://queue.taskcluster.net/v1/task/FCV-dYo-QUq7Dri0ErcA3Q/artifacts/public/build/target.snap
https://archive.mozilla.org/pub/firefox/candidates/62.0b15-candidates/build2/snap/firefox-62.0b15.snap.checksums,https://queue.taskcluster.net/v1/task/FCV-dYo-QUq7Dri0ErcA3Q/artifacts/public/build/target.snap.checksums
https://archive.mozilla.org/pub/firefox/candidates/62.0b16-candidates/build1/snap/firefox-62.0b16.snap,https://queue.taskcluster.net/v1/task/URwHSSvhQQyaZArd9BlBxA/artifacts/public/build/target.snap
https://archive.mozilla.org/pub/firefox/candidates/62.0b16-candidates/build1/snap/firefox-62.0b16.snap.checksums,https://queue.taskcluster.net/v1/task/URwHSSvhQQyaZArd9BlBxA/artifacts/public/build/target.snap.checksums
https://archive.mozilla.org/pub/firefox/candidates/62.0b17-candidates/build1/snap/firefox-62.0b17.snap,https://queue.taskcluster.net/v1/task/ZzeU1sbGRCS7DR6bXnouPw/artifacts/public/build/target.snap
https://archive.mozilla.org/pub/firefox/candidates/62.0b17-candidates/build1/snap/firefox-62.0b17.snap.checksums,https://queue.taskcluster.net/v1/task/ZzeU1sbGRCS7DR6bXnouPw/artifacts/public/build/target.snap.checksums
https://archive.mozilla.org/pub/firefox/candidates/62.0b18-candidates/build1/snap/firefox-62.0b18.snap,https://queue.taskcluster.net/v1/task/d14f36ZHTDyidRpJvSXy9Q/artifacts/public/build/target.snap
https://archive.mozilla.org/pub/firefox/candidates/62.0b18-candidates/build1/snap/firefox-62.0b18.snap.checksums,https://queue.taskcluster.net/v1/task/d14f36ZHTDyidRpJvSXy9Q/artifacts/public/build/target.snap.checksums
https://archive.mozilla.org/pub/firefox/candidates/62.0b19-candidates/build1/snap/firefox-62.0b19.snap,https://queue.taskcluster.net/v1/task/Hv4Owx88QZONac2K5n6Z0w/artifacts/public/build/target.snap
https://archive.mozilla.org/pub/firefox/candidates/62.0b19-candidates/build1/snap/firefox-62.0b19.snap.checksums,https://queue.taskcluster.net/v1/task/Hv4Owx88QZONac2K5n6Z0w/artifacts/public/build/target.snap.checksums
https://archive.mozilla.org/pub/firefox/candidates/62.0b20-candidates/build1/snap/firefox-62.0b20.snap,https://queue.taskcluster.net/v1/task/Iv487HGBRFuD7-a5C-XBNA/artifacts/public/build/target.snap
https://archive.mozilla.org/pub/firefox/candidates/62.0b20-candidates/build1/snap/firefox-62.0b20.snap.checksums,https://queue.taskcluster.net/v1/task/Iv487HGBRFuD7-a5C-XBNA/artifacts/public/build/target.snap.checksums
https://archive.mozilla.org/pub/firefox/candidates/62.0b3-candidates/build1/snap/firefox-62.0b3.snap,https://queue.taskcluster.net/v1/task/KZ7FxQi2Sl-moFlPiANYAw/artifacts/public/build/target.snap
https://archive.mozilla.org/pub/firefox/candidates/62.0b3-candidates/build1/snap/firefox-62.0b3.snap.checksums,https://queue.taskcluster.net/v1/task/KZ7FxQi2Sl-moFlPiANYAw/artifacts/public/build/target.snap.checksums
https://archive.mozilla.org/pub/firefox/candidates/62.0b4-candidates/build1/snap/firefox-62.0b4.snap,https://queue.taskcluster.net/v1/task/cgJABQqrTVOzvqouUsnTuw/artifacts/public/build/target.snap
https://archive.mozilla.org/pub/firefox/candidates/62.0b4-candidates/build1/snap/firefox-62.0b4.snap.checksums,https://queue.taskcluster.net/v1/task/cgJABQqrTVOzvqouUsnTuw/artifacts/public/build/target.snap.checksums
https://archive.mozilla.org/pub/firefox/candidates/62.0b5-candidates/build1/snap/firefox-62.0b5.snap,https://queue.taskcluster.net/v1/task/GlhVMikPQLqogbFPTdS2rQ/artifacts/public/build/target.snap
https://archive.mozilla.org/pub/firefox/candidates/62.0b5-candidates/build1/snap/firefox-62.0b5.snap.checksums,https://queue.taskcluster.net/v1/task/GlhVMikPQLqogbFPTdS2rQ/artifacts/public/build/target.snap.checksums
https://archive.mozilla.org/pub/firefox/candidates/62.0b6-candidates/build1/snap/firefox-62.0b6.snap,https://queue.taskcluster.net/v1/task/TMT7uhTqQuOZGTLFOZl-Eg/artifacts/public/build/target.snap
https://archive.mozilla.org/pub/firefox/candidates/62.0b6-candidates/build1/snap/firefox-62.0b6.snap.checksums,https://queue.taskcluster.net/v1/task/TMT7uhTqQuOZGTLFOZl-Eg/artifacts/public/build/target.snap.checksums
https://archive.mozilla.org/pub/firefox/candidates/62.0b7-candidates/build1/snap/firefox-62.0b7.snap,https://queue.taskcluster.net/v1/task/fDpVsVTAT4SJWpNKe63fgw/artifacts/public/build/target.snap
https://archive.mozilla.org/pub/firefox/candidates/62.0b7-candidates/build1/snap/firefox-62.0b7.snap.checksums,https://queue.taskcluster.net/v1/task/fDpVsVTAT4SJWpNKe63fgw/artifacts/public/build/target.snap.checksums
https://archive.mozilla.org/pub/firefox/candidates/62.0b8-candidates/build1/snap/firefox-62.0b8.snap,https://queue.taskcluster.net/v1/task/EekMHAstT_O5Kfxj2LrTyQ/artifacts/public/build/target.snap
https://archive.mozilla.org/pub/firefox/candidates/62.0b8-candidates/build1/snap/firefox-62.0b8.snap.checksums,https://queue.taskcluster.net/v1/task/EekMHAstT_O5Kfxj2LrTyQ/artifacts/public/build/target.snap.checksums
https://archive.mozilla.org/pub/firefox/candidates/62.0b9-candidates/build1/snap/firefox-62.0b9.snap,https://queue.taskcluster.net/v1/task/LJlBWVDkQTS6Ayehynpotg/artifacts/public/build/target.snap
https://archive.mozilla.org/pub/firefox/candidates/62.0b9-candidates/build1/snap/firefox-62.0b9.snap.checksums,https://queue.taskcluster.net/v1/task/LJlBWVDkQTS6Ayehynpotg/artifacts/public/build/target.snap.checksums
https://archive.mozilla.org/pub/firefox/candidates/63.0-candidates/build1/snap/firefox-63.0.snap,https://queue.taskcluster.net/v1/task/X00QK4pUSxCVYo6GXcKJ9Q/artifacts/public/build/target.snap
https://archive.mozilla.org/pub/firefox/candidates/63.0-candidates/build1/snap/firefox-63.0.snap.checksums,https://queue.taskcluster.net/v1/task/X00QK4pUSxCVYo6GXcKJ9Q/artifacts/public/build/target.snap.checksums
https://archive.mozilla.org/pub/firefox/candidates/63.0-candidates/build2/snap/firefox-63.0.snap,https://queue.taskcluster.net/v1/task/AXRnPO3KSWGGya5BI1vRlg/artifacts/public/build/target.snap
https://archive.mozilla.org/pub/firefox/candidates/63.0-candidates/build2/snap/firefox-63.0.snap.checksums,https://queue.taskcluster.net/v1/task/AXRnPO3KSWGGya5BI1vRlg/artifacts/public/build/target.snap.checksums
https://archive.mozilla.org/pub/firefox/candidates/63.0.1-candidates/build4/snap/firefox-63.0.1.snap,https://queue.taskcluster.net/v1/task/IJDyeDKIT7a4rHhEKzDKPA/artifacts/public/build/target.snap
https://archive.mozilla.org/pub/firefox/candidates/63.0.1-candidates/build4/snap/firefox-63.0.1.snap.checksums,https://queue.taskcluster.net/v1/task/IJDyeDKIT7a4rHhEKzDKPA/artifacts/public/build/target.snap.checksums
https://archive.mozilla.org/pub/firefox/candidates/63.0.3-candidates/build1/snap/firefox-63.0.3.snap,https://queue.taskcluster.net/v1/task/XVLJhlQzSoelNqy_ScTPTg/artifacts/public/build/target.snap
https://archive.mozilla.org/pub/firefox/candidates/63.0.3-candidates/build1/snap/firefox-63.0.3.snap.checksums,https://queue.taskcluster.net/v1/task/XVLJhlQzSoelNqy_ScTPTg/artifacts/public/build/target.snap.checksums
https://archive.mozilla.org/pub/firefox/candidates/63.0b10-candidates/build1/snap/firefox-63.0b10.snap,https://queue.taskcluster.net/v1/task/U54G5buBTPGOZuhfboF6OQ/artifacts/public/build/target.snap
https://archive.mozilla.org/pub/firefox/candidates/63.0b10-candidates/build1/snap/firefox-63.0b10.snap.checksums,https://queue.taskcluster.net/v1/task/U54G5buBTPGOZuhfboF6OQ/artifacts/public/build/target.snap.checksums
https://archive.mozilla.org/pub/firefox/candidates/63.0b11-candidates/build1/snap/firefox-63.0b11.snap,https://queue.taskcluster.net/v1/task/XDM1xoB8RCK0pSzqbxpUxw/artifacts/public/build/target.snap
https://archive.mozilla.org/pub/firefox/candidates/63.0b11-candidates/build1/snap/firefox-63.0b11.snap.checksums,https://queue.taskcluster.net/v1/task/XDM1xoB8RCK0pSzqbxpUxw/artifacts/public/build/target.snap.checksums
https://archive.mozilla.org/pub/firefox/candidates/63.0b12-candidates/build2/snap/firefox-63.0b12.snap,https://queue.taskcluster.net/v1/task/Acq5IwPNRTayA3Nt6yeZSQ/artifacts/public/build/target.snap
https://archive.mozilla.org/pub/firefox/candidates/63.0b12-candidates/build2/snap/firefox-63.0b12.snap.checksums,https://queue.taskcluster.net/v1/task/Acq5IwPNRTayA3Nt6yeZSQ/artifacts/public/build/target.snap.checksums
https://archive.mozilla.org/pub/firefox/candidates/63.0b13-candidates/build1/snap/firefox-63.0b13.snap,https://queue.taskcluster.net/v1/task/WbofIQ8RQTCJsp-JXs-9bg/artifacts/public/build/target.snap
https://archive.mozilla.org/pub/firefox/candidates/63.0b13-candidates/build1/snap/firefox-63.0b13.snap.checksums,https://queue.taskcluster.net/v1/task/WbofIQ8RQTCJsp-JXs-9bg/artifacts/public/build/target.snap.checksums
https://archive.mozilla.org/pub/firefox/candidates/63.0b14-candidates/build1/snap/firefox-63.0b14.snap,https://queue.taskcluster.net/v1/task/NR5c8ichS_CCJeFzorjVCQ/artifacts/public/build/target.snap
https://archive.mozilla.org/pub/firefox/candidates/63.0b14-candidates/build1/snap/firefox-63.0b14.snap.checksums,https://queue.taskcluster.net/v1/task/NR5c8ichS_CCJeFzorjVCQ/artifacts/public/build/target.snap.checksums
https://archive.mozilla.org/pub/firefox/candidates/63.0b3-candidates/build1/snap/firefox-63.0b3.snap,https://queue.taskcluster.net/v1/task/Ja2HqqEVQaO011xmm8Yk8A/artifacts/public/build/target.snap
https://archive.mozilla.org/pub/firefox/candidates/63.0b3-candidates/build1/snap/firefox-63.0b3.snap.checksums,https://queue.taskcluster.net/v1/task/Ja2HqqEVQaO011xmm8Yk8A/artifacts/public/build/target.snap.checksums
https://archive.mozilla.org/pub/firefox/candidates/63.0b4-candidates/build1/snap/firefox-63.0b4.snap,https://queue.taskcluster.net/v1/task/O4e1tp2lQsij749ZkR0OIA/artifacts/public/build/target.snap
https://archive.mozilla.org/pub/firefox/candidates/63.0b4-candidates/build1/snap/firefox-63.0b4.snap.checksums,https://queue.taskcluster.net/v1/task/O4e1tp2lQsij749ZkR0OIA/artifacts/public/build/target.snap.checksums
https://archive.mozilla.org/pub/firefox/candidates/63.0b5-candidates/build1/snap/firefox-63.0b5.snap,https://queue.taskcluster.net/v1/task/EUBPjZplT8GDaA9UUPwGjQ/artifacts/public/build/target.snap
https://archive.mozilla.org/pub/firefox/candidates/63.0b5-candidates/build1/snap/firefox-63.0b5.snap.checksums,https://queue.taskcluster.net/v1/task/EUBPjZplT8GDaA9UUPwGjQ/artifacts/public/build/target.snap.checksums
https://archive.mozilla.org/pub/firefox/candidates/63.0b6-candidates/build1/snap/firefox-63.0b6.snap,https://queue.taskcluster.net/v1/task/Zsbr73cuQzqbyFnuW7syNQ/artifacts/public/build/target.snap
https://archive.mozilla.org/pub/firefox/candidates/63.0b6-candidates/build1/snap/firefox-63.0b6.snap.checksums,https://queue.taskcluster.net/v1/task/Zsbr73cuQzqbyFnuW7syNQ/artifacts/public/build/target.snap.checksums
https://archive.mozilla.org/pub/firefox/candidates/63.0b7-candidates/build1/snap/firefox-63.0b7.snap,https://queue.taskcluster.net/v1/task/H49gbM0URQmJFyuXrrfCwQ/artifacts/public/build/target.snap
https://archive.mozilla.org/pub/firefox/candidates/63.0b7-candidates/build1/snap/firefox-63.0b7.snap.checksums,https://queue.taskcluster.net/v1/task/H49gbM0URQmJFyuXrrfCwQ/artifacts/public/build/target.snap.checksums
https://archive.mozilla.org/pub/firefox/candidates/63.0b8-candidates/build1/snap/firefox-63.0b8.snap,https://queue.taskcluster.net/v1/task/BtwB6HZZTCSL2KbfPCTRzg/artifacts/public/build/target.snap
https://archive.mozilla.org/pub/firefox/candidates/63.0b8-candidates/build1/snap/firefox-63.0b8.snap.checksums,https://queue.taskcluster.net/v1/task/BtwB6HZZTCSL2KbfPCTRzg/artifacts/public/build/target.snap.checksums
https://archive.mozilla.org/pub/firefox/candidates/63.0b9-candidates/build1/snap/firefox-63.0b9.snap,https://queue.taskcluster.net/v1/task/Dpt5GB3lQ5SR9oCWxs5sNA/artifacts/public/build/target.snap
https://archive.mozilla.org/pub/firefox/candidates/63.0b9-candidates/build1/snap/firefox-63.0b9.snap.checksums,https://queue.taskcluster.net/v1/task/Dpt5GB3lQ5SR9oCWxs5sNA/artifacts/public/build/target.snap.checksums
https://archive.mozilla.org/pub/firefox/candidates/64.0-candidates/build1/snap/firefox-64.0.snap,https://queue.taskcluster.net/v1/task/G5Pk9ZSgSlGZNyqwlMwmGg/artifacts/public/build/target.snap
https://archive.mozilla.org/pub/firefox/candidates/64.0-candidates/build1/snap/firefox-64.0.snap.checksums,https://queue.taskcluster.net/v1/task/G5Pk9ZSgSlGZNyqwlMwmGg/artifacts/public/build/target.snap.checksums
https://archive.mozilla.org/pub/firefox/candidates/64.0-candidates/build2/snap/firefox-64.0.snap,https://queue.taskcluster.net/v1/task/HMKJcl23RiKP0HO-72qn1w/artifacts/public/build/target.snap
https://archive.mozilla.org/pub/firefox/candidates/64.0-candidates/build2/snap/firefox-64.0.snap.checksums,https://queue.taskcluster.net/v1/task/HMKJcl23RiKP0HO-72qn1w/artifacts/public/build/target.snap.checksums
https://archive.mozilla.org/pub/firefox/candidates/64.0-candidates/build3/snap/firefox-64.0.snap,https://queue.taskcluster.net/v1/task/Eh7lgTrbSWCP-ESO3-15rw/artifacts/public/build/target.snap
https://archive.mozilla.org/pub/firefox/candidates/64.0-candidates/build3/snap/firefox-64.0.snap.checksums,https://queue.taskcluster.net/v1/task/Eh7lgTrbSWCP-ESO3-15rw/artifacts/public/build/target.snap.checksums
https://archive.mozilla.org/pub/firefox/candidates/64.0.2-candidates/build1/snap/firefox-64.0.2.snap,https://queue.taskcluster.net/v1/task/MRAsIVP1SdCE-AYwe8ihWQ/artifacts/public/build/target.snap
https://archive.mozilla.org/pub/firefox/candidates/64.0.2-candidates/build1/snap/firefox-64.0.2.snap.checksums,https://queue.taskcluster.net/v1/task/MRAsIVP1SdCE-AYwe8ihWQ/artifacts/public/build/target.snap.checksums
https://archive.mozilla.org/pub/firefox/candidates/64.0b10-candidates/build1/snap/firefox-64.0b10.snap,https://queue.taskcluster.net/v1/task/GPGXUSGCTVyr4vZ7WP0tnw/artifacts/public/build/target.snap
https://archive.mozilla.org/pub/firefox/candidates/64.0b10-candidates/build1/snap/firefox-64.0b10.snap.checksums,https://queue.taskcluster.net/v1/task/GPGXUSGCTVyr4vZ7WP0tnw/artifacts/public/build/target.snap.checksums
https://archive.mozilla.org/pub/firefox/candidates/64.0b11-candidates/build1/snap/firefox-64.0b11.snap,https://queue.taskcluster.net/v1/task/et6S1xNYTJ25yVeNxWJ_bA/artifacts/public/build/target.snap
https://archive.mozilla.org/pub/firefox/candidates/64.0b11-candidates/build1/snap/firefox-64.0b11.snap.checksums,https://queue.taskcluster.net/v1/task/et6S1xNYTJ25yVeNxWJ_bA/artifacts/public/build/target.snap.checksums
https://archive.mozilla.org/pub/firefox/candidates/64.0b12-candidates/build1/snap/firefox-64.0b12.snap,https://queue.taskcluster.net/v1/task/ChZ9G8agRaCLiXX_lRxIZg/artifacts/public/build/target.snap
https://archive.mozilla.org/pub/firefox/candidates/64.0b12-candidates/build1/snap/firefox-64.0b12.snap.checksums,https://queue.taskcluster.net/v1/task/ChZ9G8agRaCLiXX_lRxIZg/artifacts/public/build/target.snap.checksums
https://archive.mozilla.org/pub/firefox/candidates/64.0b13-candidates/build1/snap/firefox-64.0b13.snap,https://queue.taskcluster.net/v1/task/V1nTox9IQQaYO296Vrq3mw/artifacts/public/build/target.snap
https://archive.mozilla.org/pub/firefox/candidates/64.0b13-candidates/build1/snap/firefox-64.0b13.snap.checksums,https://queue.taskcluster.net/v1/task/V1nTox9IQQaYO296Vrq3mw/artifacts/public/build/target.snap.checksums
https://archive.mozilla.org/pub/firefox/candidates/64.0b14-candidates/build1/snap/firefox-64.0b14.snap,https://queue.taskcluster.net/v1/task/bmlG7hofSuuQrg7rdWU7JA/artifacts/public/build/target.snap
https://archive.mozilla.org/pub/firefox/candidates/64.0b14-candidates/build1/snap/firefox-64.0b14.snap.checksums,https://queue.taskcluster.net/v1/task/bmlG7hofSuuQrg7rdWU7JA/artifacts/public/build/target.snap.checksums
https://archive.mozilla.org/pub/firefox/candidates/64.0b3-candidates/build1/snap/firefox-64.0b3.snap,https://queue.taskcluster.net/v1/task/dQ3OKdhpSV-tJwoCxS43_Q/artifacts/public/build/target.snap
https://archive.mozilla.org/pub/firefox/candidates/64.0b3-candidates/build1/snap/firefox-64.0b3.snap.checksums,https://queue.taskcluster.net/v1/task/dQ3OKdhpSV-tJwoCxS43_Q/artifacts/public/build/target.snap.checksums
https://archive.mozilla.org/pub/firefox/candidates/64.0b4-candidates/build2/snap/firefox-64.0b4.snap,https://queue.taskcluster.net/v1/task/F6_-dx3uTjm1DTdo8CoPzw/artifacts/public/build/target.snap
https://archive.mozilla.org/pub/firefox/candidates/64.0b4-candidates/build2/snap/firefox-64.0b4.snap.checksums,https://queue.taskcluster.net/v1/task/F6_-dx3uTjm1DTdo8CoPzw/artifacts/public/build/target.snap.checksums
https://archive.mozilla.org/pub/firefox/candidates/64.0b5-candidates/build1/snap/firefox-64.0b5.snap,https://queue.taskcluster.net/v1/task/EcZO9a7CRnyYF8CMeBl5xQ/artifacts/public/build/target.snap
https://archive.mozilla.org/pub/firefox/candidates/64.0b5-candidates/build1/snap/firefox-64.0b5.snap.checksums,https://queue.taskcluster.net/v1/task/EcZO9a7CRnyYF8CMeBl5xQ/artifacts/public/build/target.snap.checksums
https://archive.mozilla.org/pub/firefox/candidates/64.0b6-candidates/build1/snap/firefox-64.0b6.snap,https://queue.taskcluster.net/v1/task/DCjBjJbvRnO5EIULSthPcQ/artifacts/public/build/target.snap
https://archive.mozilla.org/pub/firefox/candidates/64.0b6-candidates/build1/snap/firefox-64.0b6.snap.checksums,https://queue.taskcluster.net/v1/task/DCjBjJbvRnO5EIULSthPcQ/artifacts/public/build/target.snap.checksums
https://archive.mozilla.org/pub/firefox/candidates/64.0b7-candidates/build1/snap/firefox-64.0b7.snap,https://queue.taskcluster.net/v1/task/eHcwqC57Tv2q_SR_rN3Wcg/artifacts/public/build/target.snap
https://archive.mozilla.org/pub/firefox/candidates/64.0b7-candidates/build1/snap/firefox-64.0b7.snap.checksums,https://queue.taskcluster.net/v1/task/eHcwqC57Tv2q_SR_rN3Wcg/artifacts/public/build/target.snap.checksums
https://archive.mozilla.org/pub/firefox/candidates/64.0b8-candidates/build1/snap/firefox-64.0b8.snap,https://queue.taskcluster.net/v1/task/Vp1Sir1qQoeWVcwWKtFpPQ/artifacts/public/build/target.snap
https://archive.mozilla.org/pub/firefox/candidates/64.0b8-candidates/build1/snap/firefox-64.0b8.snap.checksums,https://queue.taskcluster.net/v1/task/Vp1Sir1qQoeWVcwWKtFpPQ/artifacts/public/build/target.snap.checksums
https://archive.mozilla.org/pub/firefox/candidates/64.0b9-candidates/build1/snap/firefox-64.0b9.snap,https://queue.taskcluster.net/v1/task/IYH4IRczQD2nxeMkJHzsfw/artifacts/public/build/target.snap
https://archive.mozilla.org/pub/firefox/candidates/64.0b9-candidates/build1/snap/firefox-64.0b9.snap.checksums,https://queue.taskcluster.net/v1/task/IYH4IRczQD2nxeMkJHzsfw/artifacts/public/build/target.snap.checksums
https://archive.mozilla.org/pub/firefox/candidates/65.0-candidates/build2/snap/firefox-65.0.snap,https://queue.taskcluster.net/v1/task/BIMtSlxRTu25_dEw7DJhOg/artifacts/public/build/target.snap
https://archive.mozilla.org/pub/firefox/candidates/65.0-candidates/build2/snap/firefox-65.0.snap.checksums,https://queue.taskcluster.net/v1/task/BIMtSlxRTu25_dEw7DJhOg/artifacts/public/build/target.snap.checksums
https://archive.mozilla.org/pub/firefox/candidates/65.0.1-candidates/build2/snap/firefox-65.0.1.snap,https://queue.taskcluster.net/v1/task/AXAHh7TsQi6H6FxCzduTvg/artifacts/public/build/target.snap
https://archive.mozilla.org/pub/firefox/candidates/65.0.1-candidates/build2/snap/firefox-65.0.1.snap.checksums,https://queue.taskcluster.net/v1/task/AXAHh7TsQi6H6FxCzduTvg/artifacts/public/build/target.snap.checksums
https://archive.mozilla.org/pub/firefox/candidates/65.0b10-candidates/build1/snap/firefox-65.0b10.snap,https://queue.taskcluster.net/v1/task/FWRA2bjOT1Cmf9c-BJ4nNg/artifacts/public/build/target.snap
https://archive.mozilla.org/pub/firefox/candidates/65.0b10-candidates/build1/snap/firefox-65.0b10.snap.checksums,https://queue.taskcluster.net/v1/task/FWRA2bjOT1Cmf9c-BJ4nNg/artifacts/public/build/target.snap.checksums
https://archive.mozilla.org/pub/firefox/candidates/65.0b11-candidates/build1/snap/firefox-65.0b11.snap,https://queue.taskcluster.net/v1/task/D4erwN4gSyiNVv15rOgYEA/artifacts/public/build/target.snap
https://archive.mozilla.org/pub/firefox/candidates/65.0b11-candidates/build1/snap/firefox-65.0b11.snap.checksums,https://queue.taskcluster.net/v1/task/D4erwN4gSyiNVv15rOgYEA/artifacts/public/build/target.snap.checksums
https://archive.mozilla.org/pub/firefox/candidates/65.0b12-candidates/build1/snap/firefox-65.0b12.snap,https://queue.taskcluster.net/v1/task/H-9JqJFOS8ypnXJ57U4W5A/artifacts/public/build/target.snap
https://archive.mozilla.org/pub/firefox/candidates/65.0b12-candidates/build1/snap/firefox-65.0b12.snap.checksums,https://queue.taskcluster.net/v1/task/H-9JqJFOS8ypnXJ57U4W5A/artifacts/public/build/target.snap.checksums
https://archive.mozilla.org/pub/firefox/candidates/65.0b3-candidates/build1/snap/firefox-65.0b3.snap,https://queue.taskcluster.net/v1/task/RKc3TDkkQCuGzIp094-APg/artifacts/public/build/target.snap
https://archive.mozilla.org/pub/firefox/candidates/65.0b3-candidates/build1/snap/firefox-65.0b3.snap.checksums,https://queue.taskcluster.net/v1/task/RKc3TDkkQCuGzIp094-APg/artifacts/public/build/target.snap.checksums
https://archive.mozilla.org/pub/firefox/candidates/65.0b3-candidates/build2/snap/firefox-65.0b3.snap,https://queue.taskcluster.net/v1/task/RKc3TDkkQCuGzIp094-APg/artifacts/public/build/target.snap
https://archive.mozilla.org/pub/firefox/candidates/65.0b3-candidates/build2/snap/firefox-65.0b3.snap.checksums,https://queue.taskcluster.net/v1/task/RKc3TDkkQCuGzIp094-APg/artifacts/public/build/target.snap.checksums
https://archive.mozilla.org/pub/firefox/candidates/65.0b4-candidates/build1/snap/firefox-65.0b4.snap,https://queue.taskcluster.net/v1/task/U4wQc9kLRAqWUrOczOCEgA/artifacts/public/build/target.snap
https://archive.mozilla.org/pub/firefox/candidates/65.0b4-candidates/build1/snap/firefox-65.0b4.snap.checksums,https://queue.taskcluster.net/v1/task/U4wQc9kLRAqWUrOczOCEgA/artifacts/public/build/target.snap.checksums
https://archive.mozilla.org/pub/firefox/candidates/65.0b5-candidates/build1/snap/firefox-65.0b5.snap,https://queue.taskcluster.net/v1/task/cRa7iEOpQRmELFzAUl79PA/artifacts/public/build/target.snap
https://archive.mozilla.org/pub/firefox/candidates/65.0b5-candidates/build1/snap/firefox-65.0b5.snap.checksums,https://queue.taskcluster.net/v1/task/cRa7iEOpQRmELFzAUl79PA/artifacts/public/build/target.snap.checksums
https://archive.mozilla.org/pub/firefox/candidates/65.0b6-candidates/build1/snap/firefox-65.0b6.snap,https://queue.taskcluster.net/v1/task/Yoj8W_PDQsKxJDi0-62lJw/artifacts/public/build/target.snap
https://archive.mozilla.org/pub/firefox/candidates/65.0b6-candidates/build1/snap/firefox-65.0b6.snap.checksums,https://queue.taskcluster.net/v1/task/Yoj8W_PDQsKxJDi0-62lJw/artifacts/public/build/target.snap.checksums
https://archive.mozilla.org/pub/firefox/candidates/65.0b7-candidates/build1/snap/firefox-65.0b7.snap,https://queue.taskcluster.net/v1/task/C0Ga0R9zSRmbKv9xka4wyA/artifacts/public/build/target.snap
https://archive.mozilla.org/pub/firefox/candidates/65.0b7-candidates/build1/snap/firefox-65.0b7.snap.checksums,https://queue.taskcluster.net/v1/task/C0Ga0R9zSRmbKv9xka4wyA/artifacts/public/build/target.snap.checksums
https://archive.mozilla.org/pub/firefox/candidates/65.0b8-candidates/build1/snap/firefox-65.0b8.snap,https://queue.taskcluster.net/v1/task/A0spUIZjTmiPlRWZixzqvA/artifacts/public/build/target.snap
https://archive.mozilla.org/pub/firefox/candidates/65.0b8-candidates/build1/snap/firefox-65.0b8.snap.checksums,https://queue.taskcluster.net/v1/task/A0spUIZjTmiPlRWZixzqvA/artifacts/public/build/target.snap.checksums
https://archive.mozilla.org/pub/firefox/candidates/65.0b9-candidates/build1/snap/firefox-65.0b9.snap,https://queue.taskcluster.net/v1/task/SbL2SD0VTpqmPsAH6OcaSA/artifacts/public/build/target.snap
https://archive.mozilla.org/pub/firefox/candidates/65.0b9-candidates/build1/snap/firefox-65.0b9.snap.checksums,https://queue.taskcluster.net/v1/task/SbL2SD0VTpqmPsAH6OcaSA/artifacts/public/build/target.snap.checksums
https://archive.mozilla.org/pub/firefox/candidates/66.0b3-candidates/build1/snap/firefox-66.0b3.snap,https://queue.taskcluster.net/v1/task/GUr9ArxWRzGJbar6v_DI2g/artifacts/public/build/target.snap
https://archive.mozilla.org/pub/firefox/candidates/66.0b3-candidates/build1/snap/firefox-66.0b3.snap.checksums,https://queue.taskcluster.net/v1/task/GUr9ArxWRzGJbar6v_DI2g/artifacts/public/build/target.snap.checksums
https://archive.mozilla.org/pub/firefox/candidates/66.0b4-candidates/build1/snap/firefox-66.0b4.snap,https://queue.taskcluster.net/v1/task/EAwYz5zCR6Omds6e8SDtoA/artifacts/public/build/target.snap
https://archive.mozilla.org/pub/firefox/candidates/66.0b4-candidates/build1/snap/firefox-66.0b4.snap.checksums,https://queue.taskcluster.net/v1/task/EAwYz5zCR6Omds6e8SDtoA/artifacts/public/build/target.snap.checksums
https://archive.mozilla.org/pub/firefox/candidates/66.0b5-candidates/build1/snap/firefox-66.0b5.snap,https://queue.taskcluster.net/v1/task/bgbHccoVSCKFHI7Kligybg/artifacts/public/build/target.snap
https://archive.mozilla.org/pub/firefox/candidates/66.0b5-candidates/build1/snap/firefox-66.0b5.snap.checksums,https://queue.taskcluster.net/v1/task/bgbHccoVSCKFHI7Kligybg/artifacts/public/build/target.snap.checksums
https://archive.mozilla.org/pub/firefox/candidates/66.0b6-candidates/build1/snap/firefox-66.0b6.snap,https://queue.taskcluster.net/v1/task/XzNvUt6zRYqmmvISBgf5RA/artifacts/public/build/target.snap
https://archive.mozilla.org/pub/firefox/candidates/66.0b6-candidates/build1/snap/firefox-66.0b6.snap.checksums,https://queue.taskcluster.net/v1/task/XzNvUt6zRYqmmvISBgf5RA/artifacts/public/build/target.snap.checksums
https://archive.mozilla.org/pub/firefox/candidates/66.0b7-candidates/build1/snap/firefox-66.0b7.snap,https://queue.taskcluster.net/v1/task/O2MpCCSiStW0OHuaAMWTDA/artifacts/public/build/target.snap
https://archive.mozilla.org/pub/firefox/candidates/66.0b7-candidates/build1/snap/firefox-66.0b7.snap.checksums,https://queue.taskcluster.net/v1/task/O2MpCCSiStW0OHuaAMWTDA/artifacts/public/build/target.snap.checksums
https://archive.mozilla.org/pub/firefox/candidates/66.0b8-candidates/build1/snap/firefox-66.0b8.snap,https://queue.taskcluster.net/v1/task/fQbgkh63SjKg9OOD83qBWQ/artifacts/public/build/target.snap
https://archive.mozilla.org/pub/firefox/candidates/66.0b8-candidates/build1/snap/firefox-66.0b8.snap.checksums,https://queue.taskcluster.net/v1/task/fQbgkh63SjKg9OOD83qBWQ/artifacts/public/build/target.snap.checksums
https://archive.mozilla.org/pub/firefox/candidates/66.0b9-candidates/build1/snap/firefox-66.0b9.snap,https://queue.taskcluster.net/v1/task/WNnwEnGUTzOAkqh0jlxz_A/artifacts/public/build/target.snap
https://archive.mozilla.org/pub/firefox/candidates/66.0b9-candidates/build1/snap/firefox-66.0b9.snap.checksums,https://queue.taskcluster.net/v1/task/WNnwEnGUTzOAkqh0jlxz_A/artifacts/public/build/target.snap.checksums
